{"cameraMode":{"drawMode":0,"name":"Shaded","section":"Shading Mode"},"sceneLighting":true,"audioPlay":false,"sceneViewState":{"showFog":true,"showMaterialUpdate":true,"showSkybox":true,"showFlares":true,"showImageEffects":true,"showParticleSystems":true},"in2DMode":false,"pivot":{"x":411.2667236328125,"y":622.0457153320313,"z":77.0374984741211},"rotation":{"x":0.03449314460158348,"y":-0.0014990255003795028,"z":0.00005179252548259683,"w":0.9994057416915894},"size":679.1025390625,"orthographic":true}